-- phpMyAdmin SQL Dump
-- version 5.2.0
-- https://www.phpmyadmin.net/
--
-- Servidor: 127.0.0.1
-- Tiempo de generación: 04-05-2023 a las 20:53:37
-- Versión del servidor: 10.4.24-MariaDB
-- Versión de PHP: 7.4.29

SET SQL_MODE = "NO_AUTO_VALUE_ON_ZERO";
START TRANSACTION;
SET time_zone = "+00:00";


/*!40101 SET @OLD_CHARACTER_SET_CLIENT=@@CHARACTER_SET_CLIENT */;
/*!40101 SET @OLD_CHARACTER_SET_RESULTS=@@CHARACTER_SET_RESULTS */;
/*!40101 SET @OLD_COLLATION_CONNECTION=@@COLLATION_CONNECTION */;
/*!40101 SET NAMES utf8mb4 */;

--
-- Base de datos: `bd_nivel_org`
--

-- --------------------------------------------------------

--
-- Estructura de tabla para la tabla `coordinaciones`
--

CREATE TABLE `coordinaciones` (
  `id_coord` int(11) NOT NULL,
  `des_coord` varchar(150) NOT NULL
) ENGINE=InnoDB DEFAULT CHARSET=latin1;

--
-- Volcado de datos para la tabla `coordinaciones`
--

INSERT INTO `coordinaciones` (`id_coord`, `des_coord`) VALUES
(0, ''),
(207, 'COORDINACION DE ASUNTOS JURIDICOS Y LEGALES'),
(208, 'COORDINACION DE CONTRATOS'),
(209, 'COORDINACION DE REGULACIONES MINERAS'),
(213, 'COORDINACION DE INVESTIGACION MINERA ? METALURGICA'),
(214, 'COORDINACION DE INNOVACION TECNOLOGICA'),
(216, 'COORDINACION DE GESTION DE PROYECTOS ECOMINEROS'),
(217, 'COORDINACION DE INGENIERIA E INSPECCION DE OBRAS'),
(235, 'COORDINACION DE SISTEMAS'),
(236, 'COORDINACION DE SOPORTE TECNICO'),
(237, 'COORDINACIÓN DE TELECOMUNICACIONES, REDES Y TELEFONÍA'),
(239, 'COORDINACION DE DESARROLLO'),
(240, 'COORDINACION DE SEGURIDAD TECNOLOGICA'),
(242, 'COORDINADOR DE TELECOMUNICACIONES'),
(243, 'COORDINADOR DE REDES Y TELEFONIA'),
(245, 'COORDINACION DE HARDWARE Y SOFTWARE'),
(258, 'COORDINACION DE PLANIFICACION ORGANIZACIONAL'),
(259, 'COORDINACION DE ADMINISTRACION DE TALENTO HUMANO'),
(260, 'COORDINACION DE NOMINA'),
(262, 'COORDINACION DE BENEFICIOS Y SERVICIOS AL PERSONAL'),
(263, 'COORDINACION DE ADIESTRAMIENTO Y FORMACION'),
(265, 'COORDINACION DE LEGAL LABORAL'),
(267, 'COORDINACION DE SERVICIOS MEDICOS CARATAL/COLOMBIA VACANTE'),
(268, 'COORDINACION DE SERVICIOS MEDICOS PLANTA REVEMIN'),
(269, 'COORDINACION DE SERVICIOS MEDICOS MINA SOSA MENDEZ'),
(272, 'COORDINACION  DE SEGURIDAD ? CARATAL/COLOMBIA'),
(273, 'COORDINACION  DE SEGURIDAD? M. SOSA MENDEZ'),
(274, 'COORDINACION  DE SEGURIDAD -  P. REVEMIN'),
(275, 'COORDINACION  DE SEGURIDAD? SEDE ADMINISTRATIVA'),
(278, 'COORDINACION DE PLANIFICACION DE PROTECCION Y SEGURIDAD FISICA'),
(279, 'COORDINACION DE SERVICIOS INTERNOS DE SEGURIDAD'),
(280, 'COORDINACION DE SERVICIOS EXTERNOS DE SEGURIDAD FISICA'),
(282, 'COORDINACION DE CENTRO DE CONTROL'),
(285, 'COORDINACION DE SEGURIDAD INDUSTRIAL P. CARATAL/M. COLOMBIA'),
(286, 'COORDINACION DE SEGURIDAD INDUSTRIAL PLANTA REVEMIN'),
(287, 'COORDINACION DE SEGURIDAD INDUSTRIAL MINA SOSA MENDEZ'),
(288, 'COORDINACION DE CONTROL Y GESTION DE SEGURIDAD INDUSTRIAL'),
(290, 'COORDINACION PREVENCION Y CONTROL CE SINIESTRO'),
(292, 'COORDINACION DE AMBIENTE PLANTA CARATAL/MINA COLOMBIA'),
(293, 'COORDINACION DE AMBIENTE PLANTA REVEMIN'),
(294, 'COORDINACION DE AMBIENTE MINA SOSA MENDEZ'),
(295, 'COORDINACION DE AMBIENTE CONTROL Y GESTION'),
(297, 'COORDINACION DE RESGUARDO AMBIENTAL'),
(298, 'COORDINACION GESTION DE RESGUARDO ECOMINERO'),
(421, 'COORDINACION ? SEDE ADMINISTRATIVA'),
(422, 'COORDINACION ? SEDE PRINCIPAL'),
(424, 'COORDINACION BIENES PUBLICOS'),
(427, 'COORDINACION DE INSUMOS ESTRATEGICOS'),
(428, 'COORDINACION DE COMPRAS'),
(434, 'COORDINACION DE CONTABILIDAD'),
(435, 'COORDINACION DE IMPUESTOS'),
(436, 'COORDINACION DE CUENTAS POR PAGAR'),
(443, 'COORDINACION DE PLANIFICACION Y ESTADISTICA'),
(444, 'COORDINACION DE FORMULACION DEL PRESUPUESTO'),
(446, 'COORDINACION DE ADMINISTRACION Y CONTROL DE PRESUPUESTO'),
(447, 'COORDINACION DE EJECUCION PRESUPUESTARIA, INGRESOS Y OTRAS FUENTES DE FINANCIAMIENTO'),
(449, 'COORDINACION DE NORMAS Y PROCESOS ADMINISTRATIVOS'),
(450, 'COORDINACION DE NORMAS Y PROCESOS OPERATIVOS'),
(464, 'COORDINACION ? EQUIPOS PESADOS'),
(465, 'COORDINACION ? COMBUSTIBLE'),
(467, 'COORDINACION ? TRANSPORTE'),
(468, 'COORDINACION ? ALIMENTACION'),
(471, 'COORDINADOR ? PLANIF. DE SERVICIOS Y MANTENIMIENTO'),
(472, 'COORDINADOR ? CAMPAMENTOS'),
(474, 'COORDINADOR ? OPERACIONES'),
(475, 'COORDINADOR - REVEMIN'),
(476, 'COORDINADOR ? SOSA MENDEZ'),
(478, 'COORDINACION LOGISTICA'),
(479, 'COORDINACION ALMACEN'),
(480, 'COORDINACION SERVICIOS GENERALES'),
(482, 'COORDINACION PCI'),
(483, 'COORDINACION ALMACEN I'),
(484, 'COORDINACION ALMACEN II'),
(485, 'COORDINACION  ALMACEN REVEMIN'),
(486, 'COORDINACION ALMACEN MINA SOSA MENDEZ'),
(488, 'COORDINACION DE PLANIFICACION DE MANTENIMIENTO'),
(489, 'COORDINACION DE TALLER'),
(513, 'COORDINACION DE MODELAMIENTO'),
(529, 'COORDINADOR DE PRODUCCION DE PLANTA'),
(531, 'COORDINADOR DE PLANIFICACION DE PLANTA'),
(533, 'COORDINADOR OPERACIONES DE FUNDICION'),
(548, 'COORDINADOR DE MANTENIMIENTO PREVENTIVO'),
(550, 'COORDINADOR DE MANTENIMIENTO PREVENTIVO'),
(552, 'COORDINADOR DE PLANIFICACION DE MANTENIMIENTO'),
(554, 'COORDINADOR DE MAQUINAS Y HERRAMIENTAS'),
(555, 'COORDINADOR DE METALMECANICA'),
(557, 'COORDINADOR DE MANTENIMIENTO DE EQUIPOS MOVILES DE SUPERFICIE'),
(558, 'COORDINADOR DE MANTENIMIENTO DE EQUIPOS MOVILES DE MINA'),
(559, 'COORDINADOR DE MANTENIMIENTO DE EQUIPOS ELETROHIIDRAULICOS'),
(560, 'COORDINADOR DE MANTTO.PREVENT.Y RECUP. EQUIPO MOVILES'),
(852, 'COORDINADOR DE CONTROL DE PROCESOS'),
(854, 'COORDINACION DE EXPLORACION Y PRODUCCION'),
(855, 'COORDINACION DE REGULACIONES MINERAS'),
(857, 'COORDINACION DE VOLADURA'),
(858, 'COORDINACION DE INSUMOS MINEROS'),
(861, 'COORDINACION DE MOLIENDA ALTERNATIVA'),
(862, 'COORDINACION DE CAPTACION DE MATERIAL AURIFERO');

-- --------------------------------------------------------

--
-- Estructura de tabla para la tabla `departamentos`
--

CREATE TABLE `departamentos` (
  `id_dep` int(11) NOT NULL,
  `des_dep` varchar(150) NOT NULL
) ENGINE=InnoDB DEFAULT CHARSET=latin1;

--
-- Volcado de datos para la tabla `departamentos`
--

INSERT INTO `departamentos` (`id_dep`, `des_dep`) VALUES
(0, ''),
(284, 'DEPARTAMENTO DE SEGURIDAD INDUSTRIAL'),
(289, 'DEPARTAMENTO DE CONTROL DE EMERGENCIA'),
(291, 'DEPARTAMENTO DE AMBIENTE'),
(463, 'DEPARTAMENTO LOGÍSTICA OPERACIONAL'),
(466, 'DEPARTAMENTO SERVICIOS LOGÍSTICOS'),
(470, 'DEPARTAMENTO SERVICIOS GENERALES'),
(473, 'DEPARTAMENTO SERVICIOS GENERALES MINAS Y PLANTAS'),
(514, 'DEPARTAMENTO DE EXPLORACION'),
(518, 'DEPARTAMENTO DE PERFORACION'),
(522, 'DEPARTAMENTO DE GEOLOGIA DE PRODUCCION'),
(528, 'DEPARTAMENTO DE OPERACIONES DE PLANTA'),
(530, 'DEPARTAMENTO DE CONTROL DE PROCESOS'),
(532, 'DEPARTAMENTO DE FUNDICION'),
(535, 'DEPARTAMENTO DE PLANIFICACION DE MINA'),
(539, 'DEPARTAMENTO DE INGENIERIA DE MINAS'),
(543, 'DEPARTAMENTO DE TOPOGRAFIA'),
(547, 'DEPARTAMENTO DE MANTENIMIENTO MECANICO DE MINA'),
(549, 'DEPARTAMENTO DE MANTENIMIENTO MECANICO DE PLANTA'),
(551, 'DEPARTAMENTO DE PLANIFICACION Y CONTROL DE MANTENIMIENTO'),
(556, 'DEPARTAMENTO DE MANTENIMIENTO DE EQUIPOS MOVILES'),
(562, 'DEPARTAMENTO DE PROYECTOS DE SERVICIOS MINEROS I'),
(566, 'DEPARTAMENTO DE PROYECTOS DE SERVICIOS MINEROS II'),
(571, 'DEPARTAMENTO DE DESARROLLO DE MINA'),
(575, 'DEPARTAMENTO DE VOLADURAS DE MINA'),
(579, 'DEPARTAMENTO DE PRODUCCION'),
(582, 'DEPARTAMENTO DE SERVICIOS DE MINA'),
(584, 'DEPARTAMENTO DE ANALISIS FISICI-QUIMICO'),
(587, 'DEPARTAMENTO DE METALURGIA'),
(590, 'DEPARTAMENTO DE INVESTIGACION Y DESARROLLO'),
(594, 'DEPARTAMENTO DE OPERACIONES'),
(598, 'DEPARTAMENTO DE PROCEDIMIENTOS Y CONTROL DE OPERACIONES'),
(602, 'DEPARTAMENTO DE MANTENIMIENTO ELECTRICO MINA'),
(606, 'DEPARTAMENTO DE MANTENIMIENTO ELECTRICO PLANTA'),
(610, 'DEPARTAMENTO DE PLANIFICACION DE MANTENIMIENTO ELECTRICO'),
(614, 'TALLER ELECTRO MECANICO'),
(622, 'DEPARTAMENTO DE EXPLOSIVO'),
(624, 'DEPARTAMENTO DE PLANIFICACION, SEGUIMIENTO Y CONTROL DE EXPLOSIVOS'),
(629, 'DEPARTAMENTO DE MUESTREO DE PROCESOS'),
(632, 'DEPARTAMENTO DE ENSAYOS DE LABORATORIO'),
(636, 'DEPARTAMENTO DE CONTROL Y SEGUIMIENTO'),
(641, 'DEPARTAMENTO DE MUESTREO DE PROCESOS'),
(644, 'DEPARTAMENTO DE ENSAYOS DE LABORATORIO'),
(647, 'DEPARTAMENTO DE CONTROL Y SEGUIMIENTO');

-- --------------------------------------------------------

--
-- Estructura de tabla para la tabla `divisiones`
--

CREATE TABLE `divisiones` (
  `id_div` int(11) NOT NULL,
  `des_div` varchar(150) NOT NULL
) ENGINE=InnoDB DEFAULT CHARSET=latin1;

--
-- Volcado de datos para la tabla `divisiones`
--

INSERT INTO `divisiones` (`id_div`, `des_div`) VALUES
(0, ''),
(212, 'DIVISIÓN DE INVESTIGACIÓN E INNOVACIÓN TECNOLÓGICA'),
(215, 'DIVISIÓN DE PROYECTOS ECOMINEROS'),
(222, 'DIVISIÓN DE PRENSA Y COMUNICACIONES'),
(223, 'DIVISIÓN DE PROTOCOLO E IMAGEN'),
(234, 'DIVISIÓN DE TELEMÁTICA – SEDE ADMINISTRATIVA'),
(238, 'DIVISIÓN DE DESARROLLO DE SISTEMAS '),
(241, 'DIVISIÓN DE TELECOMUNICACIONES, REDES Y TELEFONÍA '),
(244, 'DIVISIÓN DE SOPORTE TÉCNICO '),
(257, 'DIVISIÓN DE TALENTO HUMANO '),
(261, 'DIVISIÓN DE BENEFICIOS '),
(264, 'DIVISIÓN DE LABORALES '),
(266, 'DIVISIÓN DE SERVICIOS MÉDICOS'),
(277, 'DIVISIÓN DE SEGURIDAD FÍSICA'),
(281, 'DIVISIÓN DE CECOM'),
(283, 'DIVISIÓN DE SIHO'),
(296, 'DIVISIÓN DE RESGUARDO ECOMINERO'),
(302, 'DIVISIÓN DE VENTAS'),
(303, 'DIVISIÓN DE ALIANZAS ESTRATÉGICAS'),
(420, 'DIVISION DE TESORERIA'),
(423, 'DIVISION DE BIENES PUBLICOS'),
(426, 'DIVISION DE COMPRAS'),
(433, 'DIVISION DE CONTABILIDAD'),
(437, ' DIVISION DE COSTOS Y MODELO DE NEGOCIOS'),
(442, 'DIVISIÓN DE PLANIFICACIÓN, FORMULACIÓN DEL PRESUPUESTO Y ESTADÍSTICA'),
(445, 'DIVISIÓN DE PROGRAMACIÓN, CONTROL DE  LA EJECUCIÓN DEL PRESUPUESTO DE INGRESOS Y GASTOS'),
(448, 'DIVISIÓN DE OPTIMIZACIÓN DE PROCESOS'),
(462, 'DIVISIÓN DE SERVICIOS LOGÍSTICOS'),
(469, 'DIVISIÓN DE SERVICIOS GENERALES'),
(477, 'DIVISIÓN DE SERVICIOS LOGÍSTICOS – SEDE ADMINISTRATIVA'),
(481, 'DIVISIÓN DE ALMACÉN'),
(487, 'DIVISIÓN DE TALLER AUTOMOTRIZ'),
(512, 'DIVISION DE GEOLOGIA'),
(527, 'DIVISION DE OPERACIONES DE PLANTA'),
(534, 'DIVISION DE PLANIFICACION DE MINA'),
(546, 'DIVISION DE MANTENIMIENTO'),
(553, 'TALLER CENTRAL'),
(561, 'DIVISION DE OPERACIONES DE MINA'),
(583, 'LABORATORIO CARATAL'),
(593, 'DIVISION DE MANEJO DE MINERALES'),
(601, 'DIVISION DE GENERACION Y MANTENIMIENTO ELECTRICO'),
(628, 'ASEGURAMIENTO DE LA CALIDAD OPERACIONES I'),
(640, 'ASEGURAMIENTO DE LA CALIDAD OPERACIONES II'),
(702, 'DIVISION DE GEOLOGIA'),
(720, 'DIVISION DE OPERACIONES DE PLANTA'),
(740, 'DIVISION DE PLANIFICACION DE MINA'),
(760, 'DIVISION DE MANEJO DE MINERALES'),
(780, 'DIVISION DE OPERACIONES DE MINA'),
(800, 'DIVISION DE MANTENIMIENTO DE PLANTA'),
(820, 'DIVISION DE MANTENIMIENTO DE MINA'),
(840, 'LABORATORIO REVEMIN'),
(853, 'DIVISIÓN DE ALIANZAS Y REGULACIONES'),
(856, 'DIVISIÓN DE SERVICIOS MINEROS'),
(860, 'DIVISIÓN DE FUENTES ALTERNAS');

-- --------------------------------------------------------

--
-- Estructura de tabla para la tabla `gcia_gral_op`
--

CREATE TABLE `gcia_gral_op` (
  `id_ger_oper` int(11) NOT NULL,
  `descripcion` varchar(150) NOT NULL
) ENGINE=InnoDB DEFAULT CHARSET=latin1;

--
-- Volcado de datos para la tabla `gcia_gral_op`
--

INSERT INTO `gcia_gral_op` (`id_ger_oper`, `descripcion`) VALUES
(0, ''),
(510, 'GERENCIA DE OPERACIONES MINA COLOMBIA/PLANTA CARATAL'),
(620, 'GERENCIA DE EXPLOSIVOS'),
(626, 'GERENCIA DE ASEGURAMIENTO DE LA CALIDAD'),
(650, 'GERENCIA PLANIFICACION, CONTROL Y SEGUIMIENTO DE OPERACIONES'),
(680, 'GERENCIA ENERGIA ELECTRICA'),
(700, 'GERENCIA DE OPERACIONES MINA SOSA MENDEZ-UNION / PLANTA REVEMIN');

-- --------------------------------------------------------

--
-- Estructura de tabla para la tabla `gerencias`
--

CREATE TABLE `gerencias` (
  `id_ger` int(11) NOT NULL,
  `des_ger` varchar(150) NOT NULL
) ENGINE=InnoDB DEFAULT CHARSET=latin1;

--
-- Volcado de datos para la tabla `gerencias`
--

INSERT INTO `gerencias` (`id_ger`, `des_ger`) VALUES
(0, ''),
(206, 'CONSULTORÍA JURÍDICA'),
(210, 'GERENCIA DE PROYECTOS, INVESTIGACION E INNOVACION TECNOLOGICA'),
(220, 'GERENCIA DE COMUNICACIÓN E IMAGEN'),
(230, 'GERENCIA DE TELEMATICA'),
(250, 'GERENCIA DE TALENTO HUMANO'),
(270, 'GERENCIA DE SEGURIDAD INTEGRAL'),
(300, 'GERENCIA DE COMERCIALIZACION Y NUEVOS NEGOCIOS'),
(400, 'GERENCIA DE ADMINISTRACION Y FINANZAS'),
(440, 'GERENCIA DE PLANIFICACIÓN Y PRESUPUESTO'),
(460, 'GERENCIA DE SERVICIOS Y LOGISTICA'),
(500, 'GERENCIA GENERAL DE OPERACIONES'),
(850, 'GERENCIA DE PEQUEÑA MINERIA');

-- --------------------------------------------------------

--
-- Estructura de tabla para la tabla `gerencia_gral`
--

CREATE TABLE `gerencia_gral` (
  `id_ger_gral` int(11) NOT NULL,
  `descripcion` varchar(250) NOT NULL
) ENGINE=InnoDB DEFAULT CHARSET=latin1;

--
-- Volcado de datos para la tabla `gerencia_gral`
--

INSERT INTO `gerencia_gral` (`id_ger_gral`, `descripcion`) VALUES
(203, 'GERENCIA GENERAL');

-- --------------------------------------------------------

--
-- Estructura de tabla para la tabla `nivel_org`
--

CREATE TABLE `nivel_org` (
  `id` int(11) NOT NULL,
  `id_ger_gral` int(11) NOT NULL,
  `id_gerencia` int(11) NOT NULL,
  `id_ger_gral_op` int(11) NOT NULL,
  `id_division` int(11) NOT NULL,
  `id_departamento` int(11) NOT NULL,
  `id_coordinacion` int(11) NOT NULL,
  `id_oficina` int(11) NOT NULL
) ENGINE=InnoDB DEFAULT CHARSET=latin1;

--
-- Volcado de datos para la tabla `nivel_org`
--

INSERT INTO `nivel_org` (`id`, `id_ger_gral`, `id_gerencia`, `id_ger_gral_op`, `id_division`, `id_departamento`, `id_coordinacion`, `id_oficina`) VALUES
(100, 203, 0, 0, 0, 0, 0, 0),
(101, 203, 0, 0, 0, 0, 0, 204),
(102, 203, 0, 0, 0, 0, 0, 205),
(200, 203, 206, 0, 0, 0, 0, 0),
(201, 203, 206, 0, 0, 0, 207, 0),
(202, 203, 206, 0, 0, 0, 208, 0),
(203, 203, 206, 0, 0, 0, 209, 0),
(300, 203, 210, 0, 0, 0, 0, 0),
(301, 203, 210, 0, 0, 0, 0, 211),
(310, 203, 210, 0, 212, 0, 0, 0),
(311, 203, 210, 0, 212, 0, 213, 0),
(312, 203, 210, 0, 212, 0, 214, 0),
(320, 203, 210, 0, 215, 0, 0, 0),
(321, 203, 210, 0, 215, 0, 216, 0),
(322, 203, 210, 0, 215, 0, 217, 0),
(400, 203, 220, 0, 0, 0, 0, 0),
(401, 203, 220, 0, 0, 0, 0, 221),
(410, 203, 220, 0, 222, 0, 0, 0),
(420, 203, 220, 0, 223, 0, 0, 0),
(500, 203, 230, 0, 0, 0, 0, 0),
(501, 203, 230, 0, 0, 0, 0, 231),
(502, 203, 230, 0, 0, 0, 0, 0),
(503, 203, 230, 0, 0, 0, 0, 0),
(510, 203, 230, 0, 234, 0, 0, 0),
(511, 203, 230, 0, 234, 0, 235, 0),
(512, 203, 230, 0, 234, 0, 236, 0),
(513, 203, 230, 0, 234, 0, 237, 0),
(520, 203, 230, 0, 238, 0, 0, 0),
(521, 203, 230, 0, 238, 0, 239, 0),
(522, 203, 230, 0, 238, 0, 240, 0),
(530, 203, 230, 0, 241, 0, 0, 0),
(531, 203, 230, 0, 241, 0, 242, 0),
(532, 203, 230, 0, 241, 0, 243, 0),
(540, 203, 230, 0, 244, 0, 0, 0),
(541, 203, 230, 0, 244, 0, 245, 0),
(600, 203, 250, 0, 0, 0, 0, 0),
(601, 203, 250, 0, 0, 0, 0, 251),
(602, 203, 250, 0, 0, 0, 0, 0),
(603, 203, 250, 0, 0, 0, 0, 0),
(604, 203, 250, 0, 0, 0, 0, 0),
(605, 203, 250, 0, 0, 0, 0, 0),
(606, 203, 250, 0, 0, 0, 0, 0),
(610, 203, 250, 0, 257, 0, 0, 0),
(611, 203, 250, 0, 257, 0, 258, 0),
(612, 203, 250, 0, 257, 0, 259, 0),
(613, 203, 250, 0, 257, 0, 260, 0),
(620, 203, 250, 0, 261, 0, 0, 0),
(621, 203, 250, 0, 261, 0, 262, 0),
(622, 203, 250, 0, 261, 0, 263, 0),
(630, 203, 250, 0, 264, 0, 0, 0),
(631, 203, 250, 0, 264, 0, 265, 0),
(640, 203, 250, 0, 266, 0, 0, 0),
(641, 203, 250, 0, 266, 0, 267, 0),
(642, 203, 250, 0, 266, 0, 268, 0),
(643, 203, 250, 0, 266, 0, 269, 0),
(700, 203, 270, 0, 0, 0, 0, 0),
(701, 203, 270, 0, 0, 0, 0, 271),
(702, 203, 270, 0, 0, 0, 0, 0),
(703, 203, 270, 0, 0, 0, 0, 0),
(704, 203, 270, 0, 0, 0, 0, 0),
(705, 203, 270, 0, 0, 0, 0, 0),
(706, 203, 270, 0, 0, 0, 0, 0),
(710, 203, 270, 0, 277, 0, 0, 0),
(711, 203, 270, 0, 277, 0, 278, 0),
(712, 203, 270, 0, 277, 0, 279, 0),
(713, 203, 270, 0, 277, 0, 280, 0),
(720, 203, 270, 0, 281, 0, 0, 0),
(721, 203, 270, 0, 281, 0, 282, 0),
(730, 203, 270, 0, 283, 0, 0, 0),
(731, 203, 270, 0, 283, 284, 0, 0),
(732, 203, 270, 0, 283, 284, 285, 0),
(733, 203, 270, 0, 283, 284, 286, 0),
(734, 203, 270, 0, 283, 284, 287, 0),
(735, 203, 270, 0, 283, 284, 288, 0),
(736, 203, 270, 0, 283, 289, 0, 0),
(737, 203, 270, 0, 283, 289, 290, 0),
(738, 203, 270, 0, 283, 291, 0, 0),
(739, 203, 270, 0, 283, 291, 292, 0),
(740, 203, 270, 0, 283, 291, 293, 0),
(741, 203, 270, 0, 283, 291, 294, 0),
(742, 203, 270, 0, 283, 291, 295, 0),
(750, 203, 270, 0, 296, 0, 0, 0),
(751, 203, 270, 0, 296, 0, 297, 0),
(752, 203, 270, 0, 296, 0, 297, 0),
(800, 203, 300, 0, 0, 0, 0, 0),
(801, 203, 300, 0, 0, 0, 0, 0),
(810, 203, 300, 0, 302, 0, 0, 0),
(820, 203, 300, 0, 303, 0, 0, 0),
(900, 203, 400, 0, 0, 0, 0, 0),
(901, 203, 400, 0, 0, 0, 0, 401),
(902, 203, 400, 0, 0, 0, 0, 0),
(903, 203, 400, 0, 0, 0, 0, 0),
(904, 203, 400, 0, 0, 0, 0, 0),
(910, 203, 400, 0, 420, 0, 0, 0),
(911, 203, 400, 0, 420, 0, 421, 0),
(912, 203, 400, 0, 420, 0, 422, 0),
(920, 203, 400, 0, 423, 0, 0, 0),
(921, 203, 400, 0, 423, 0, 424, 0),
(930, 203, 400, 0, 426, 0, 0, 0),
(931, 203, 400, 0, 426, 0, 427, 0),
(932, 203, 400, 0, 426, 0, 428, 0),
(940, 203, 400, 0, 433, 0, 0, 0),
(941, 203, 400, 0, 433, 0, 434, 0),
(942, 203, 400, 0, 433, 0, 435, 0),
(943, 203, 400, 0, 433, 0, 436, 0),
(950, 203, 400, 0, 437, 0, 0, 0),
(1000, 203, 440, 0, 0, 0, 0, 0),
(1001, 203, 440, 0, 0, 0, 0, 441),
(1010, 203, 440, 0, 442, 0, 0, 0),
(1011, 203, 440, 0, 442, 0, 443, 0),
(1012, 203, 440, 0, 442, 0, 444, 0),
(1020, 203, 440, 0, 445, 0, 0, 0),
(1021, 203, 440, 0, 445, 0, 446, 0),
(1022, 203, 440, 0, 445, 0, 447, 0),
(1030, 203, 440, 0, 448, 0, 0, 0),
(1031, 203, 440, 0, 448, 0, 449, 0),
(1032, 203, 440, 0, 448, 0, 450, 0),
(1100, 203, 460, 0, 0, 0, 0, 0),
(1101, 203, 460, 0, 0, 0, 0, 461),
(1110, 203, 460, 0, 462, 0, 0, 0),
(1111, 203, 460, 0, 462, 463, 0, 0),
(1112, 203, 460, 0, 462, 463, 464, 0),
(1113, 203, 460, 0, 462, 463, 465, 0),
(1114, 203, 460, 0, 462, 466, 0, 0),
(1115, 203, 460, 0, 462, 466, 467, 0),
(1116, 203, 460, 0, 462, 466, 468, 0),
(1120, 203, 460, 0, 469, 0, 0, 0),
(1121, 203, 460, 0, 469, 470, 0, 0),
(1122, 203, 460, 0, 469, 470, 471, 0),
(1123, 203, 460, 0, 469, 470, 472, 0),
(1124, 203, 460, 0, 469, 473, 0, 0),
(1125, 203, 460, 0, 469, 473, 474, 0),
(1126, 203, 460, 0, 469, 473, 475, 0),
(1127, 203, 460, 0, 469, 473, 476, 0),
(1130, 203, 460, 0, 477, 0, 0, 0),
(1131, 203, 460, 0, 477, 0, 478, 0),
(1132, 203, 460, 0, 477, 0, 479, 0),
(1133, 203, 460, 0, 477, 0, 480, 0),
(1140, 203, 460, 0, 481, 0, 0, 0),
(1141, 203, 460, 0, 481, 0, 482, 0),
(1142, 203, 460, 0, 481, 0, 483, 0),
(1143, 203, 460, 0, 481, 0, 484, 0),
(1144, 203, 460, 0, 481, 0, 485, 0),
(1145, 203, 460, 0, 481, 0, 486, 0),
(1150, 203, 460, 0, 487, 0, 0, 0),
(1151, 203, 460, 0, 487, 0, 488, 0),
(1152, 203, 460, 0, 487, 0, 489, 0),
(1200, 203, 850, 0, 0, 0, 0, 0),
(1201, 203, 850, 0, 0, 0, 0, 851),
(1202, 203, 850, 0, 0, 0, 852, 0),
(1210, 203, 850, 0, 853, 0, 0, 0),
(1211, 203, 850, 0, 853, 0, 854, 0),
(1212, 203, 850, 0, 853, 0, 855, 0),
(1220, 203, 850, 0, 856, 0, 0, 0),
(1221, 203, 850, 0, 856, 0, 857, 0),
(1222, 203, 850, 0, 856, 0, 858, 0),
(1230, 203, 850, 0, 860, 0, 0, 0),
(1231, 203, 850, 0, 860, 0, 861, 0),
(1232, 203, 850, 0, 860, 0, 862, 0),
(2000, 203, 500, 0, 0, 0, 0, 0),
(2001, 203, 500, 0, 0, 0, 0, 501),
(2100, 203, 500, 510, 0, 0, 0, 0),
(2101, 203, 500, 510, 0, 0, 0, 511),
(2110, 203, 500, 510, 512, 0, 0, 0),
(2111, 203, 500, 510, 512, 0, 513, 0),
(2112, 203, 500, 510, 512, 514, 0, 0),
(2113, 203, 500, 510, 512, 518, 0, 0),
(2114, 203, 500, 510, 512, 522, 0, 0),
(2120, 203, 500, 510, 527, 0, 0, 0),
(2121, 203, 500, 510, 527, 528, 0, 0),
(2122, 203, 500, 510, 527, 528, 529, 0),
(2123, 203, 500, 510, 527, 530, 0, 0),
(2124, 203, 500, 510, 527, 530, 531, 0),
(2125, 203, 500, 510, 527, 532, 0, 0),
(2126, 203, 500, 510, 527, 532, 533, 0),
(2130, 203, 500, 510, 534, 0, 0, 0),
(2131, 203, 500, 510, 534, 535, 0, 0),
(2132, 203, 500, 510, 534, 539, 0, 0),
(2133, 203, 500, 510, 534, 543, 0, 0),
(2140, 203, 500, 510, 546, 0, 0, 0),
(2141, 203, 500, 510, 546, 547, 0, 0),
(2142, 203, 500, 510, 546, 547, 548, 0),
(2143, 203, 500, 510, 546, 549, 0, 0),
(2144, 203, 500, 510, 546, 549, 550, 0),
(2145, 203, 500, 510, 546, 551, 0, 0),
(2146, 203, 500, 510, 546, 551, 552, 0),
(2150, 203, 500, 510, 553, 0, 0, 0),
(2151, 203, 500, 510, 553, 0, 554, 0),
(2152, 203, 500, 510, 553, 0, 555, 0),
(2153, 203, 500, 510, 553, 556, 0, 0),
(2154, 203, 500, 510, 553, 556, 557, 0),
(2155, 203, 500, 510, 553, 556, 558, 0),
(2156, 203, 500, 510, 553, 556, 559, 0),
(2157, 203, 500, 510, 553, 556, 560, 0),
(2160, 203, 500, 510, 561, 0, 0, 0),
(2161, 203, 500, 510, 561, 562, 0, 0),
(2162, 203, 500, 510, 561, 566, 0, 0),
(2163, 203, 500, 510, 561, 571, 0, 0),
(2164, 203, 500, 510, 561, 575, 0, 0),
(2165, 203, 500, 510, 561, 579, 0, 0),
(2166, 203, 500, 510, 561, 582, 0, 0),
(2170, 203, 500, 510, 583, 0, 0, 0),
(2171, 203, 500, 510, 583, 584, 0, 0),
(2172, 203, 500, 510, 583, 587, 0, 0),
(2173, 203, 500, 510, 583, 590, 0, 0),
(2180, 203, 500, 510, 593, 0, 0, 0),
(2181, 203, 500, 510, 593, 594, 0, 0),
(2182, 203, 500, 510, 593, 598, 0, 0),
(2190, 203, 500, 510, 601, 0, 0, 0),
(2191, 203, 500, 510, 601, 602, 0, 0),
(2192, 203, 500, 510, 601, 606, 0, 0),
(2193, 203, 500, 510, 601, 610, 0, 0),
(2194, 203, 500, 510, 601, 614, 0, 0),
(2200, 203, 500, 620, 0, 0, 0, 0),
(2201, 203, 500, 620, 0, 0, 0, 621),
(2202, 203, 500, 620, 0, 622, 0, 0),
(2203, 203, 500, 620, 0, 624, 0, 0),
(2300, 203, 500, 626, 0, 0, 0, 0),
(2301, 203, 500, 626, 0, 0, 0, 627),
(2310, 203, 500, 626, 628, 0, 0, 0),
(2311, 203, 500, 626, 628, 629, 0, 0),
(2312, 203, 500, 626, 628, 632, 0, 0),
(2313, 203, 500, 626, 628, 636, 0, 0),
(2320, 203, 500, 626, 640, 0, 0, 0),
(2321, 203, 500, 626, 640, 641, 0, 0),
(2322, 203, 500, 626, 640, 644, 0, 0),
(2323, 203, 500, 626, 640, 647, 0, 0),
(2400, 203, 500, 650, 0, 0, 0, 0),
(2401, 203, 500, 650, 0, 0, 0, 651),
(2500, 203, 500, 680, 0, 0, 0, 0),
(2501, 203, 500, 680, 0, 0, 0, 681),
(2600, 203, 500, 700, 0, 0, 0, 0),
(2601, 203, 500, 700, 0, 0, 0, 701),
(2610, 203, 500, 700, 702, 0, 0, 0),
(2620, 203, 500, 700, 720, 0, 0, 0),
(2630, 203, 500, 700, 740, 0, 0, 0),
(2640, 203, 500, 700, 760, 0, 0, 0),
(2650, 203, 500, 700, 780, 0, 0, 0),
(2660, 203, 500, 700, 800, 0, 0, 0),
(2670, 203, 500, 700, 820, 0, 0, 0),
(2680, 203, 500, 700, 840, 0, 0, 0);

-- --------------------------------------------------------

--
-- Estructura de tabla para la tabla `oficina`
--

CREATE TABLE `oficina` (
  `id_ofi` int(11) NOT NULL,
  `des_ofi` varchar(250) NOT NULL
) ENGINE=InnoDB DEFAULT CHARSET=latin1;

--
-- Volcado de datos para la tabla `oficina`
--

INSERT INTO `oficina` (`id_ofi`, `des_ofi`) VALUES
(0, ''),
(204, 'OFICINA DE EVALUACIÓN Y SEGUIMIENTO'),
(205, 'OFICINA DE ATENCIÓN AL CIUDADANO'),
(211, 'OFICINA DE LA GERENCIA DE PROYECTOS, INVESTIGACION E INNOVACION TECNOLOGICA'),
(221, 'OFICINA DE LA GERENCIA DE COMUNICACIÓN E IMAGEN'),
(231, 'OFICINA DE LA GERENCIA DE TELEMATICA'),
(251, 'OFICINA DE LA GERENCIA DE TALENTO HUMANO'),
(271, 'OFICINA DE LA GERENCIA DE SEGURIDAD INTEGRAL'),
(401, 'OFICINA DE LA GERENCIA DE ADMINISTRACION Y FINANZAS'),
(441, 'OFICINA DE LA GERENCIA DE PLANIFICACIÓN Y PRESUPUESTO'),
(461, 'OFICINA DE LA GERENCIA DE SERVICIOS Y LOGISTICA'),
(501, 'OFICINA DE LA GERENCIA GENERAL DE OPERACIONES'),
(511, 'OFICINA DE LA GERENCIA DE OPERACIONES MINA COLOMBIA/PLANTA CARATAL'),
(621, 'OFICINA DE LA GERENCIA DE EXPLOSIVOS'),
(627, 'OFICINA DE LA GERENCIA DE ASEGURAMIENTO DE LA CALIDAD'),
(651, 'OFICINA DE LA GERENCIA DE PLANIFICACION, CONTROL Y SEGUIMIENTO DE OPERACIONES'),
(681, 'OFICINA DE LA GERENCIA ENERGIA ELECTRICA'),
(701, 'OFICINA DE LA GERENCIA DE OPERACIONES MINA SOSA MENDEZ-UNION / PLANTA REVEMIN'),
(851, 'OFICINA DE LA GERENCIA DE PEQUEÑA MINERIA');

--
-- Índices para tablas volcadas
--

--
-- Indices de la tabla `coordinaciones`
--
ALTER TABLE `coordinaciones`
  ADD PRIMARY KEY (`id_coord`);

--
-- Indices de la tabla `departamentos`
--
ALTER TABLE `departamentos`
  ADD PRIMARY KEY (`id_dep`);

--
-- Indices de la tabla `divisiones`
--
ALTER TABLE `divisiones`
  ADD PRIMARY KEY (`id_div`);

--
-- Indices de la tabla `gcia_gral_op`
--
ALTER TABLE `gcia_gral_op`
  ADD PRIMARY KEY (`id_ger_oper`);

--
-- Indices de la tabla `gerencias`
--
ALTER TABLE `gerencias`
  ADD PRIMARY KEY (`id_ger`);

--
-- Indices de la tabla `gerencia_gral`
--
ALTER TABLE `gerencia_gral`
  ADD PRIMARY KEY (`id_ger_gral`);

--
-- Indices de la tabla `nivel_org`
--
ALTER TABLE `nivel_org`
  ADD PRIMARY KEY (`id`),
  ADD KEY `gerencias` (`id_gerencia`),
  ADD KEY `divisiones` (`id_division`),
  ADD KEY `departamentos` (`id_departamento`),
  ADD KEY `coordinaciones` (`id_coordinacion`),
  ADD KEY `gerencia_gral` (`id_ger_gral`),
  ADD KEY `ger_gral_op` (`id_ger_gral_op`),
  ADD KEY `oficinas` (`id_oficina`);

--
-- Indices de la tabla `oficina`
--
ALTER TABLE `oficina`
  ADD PRIMARY KEY (`id_ofi`);

--
-- Restricciones para tablas volcadas
--

--
-- Filtros para la tabla `nivel_org`
--
ALTER TABLE `nivel_org`
  ADD CONSTRAINT `coordinaciones` FOREIGN KEY (`id_coordinacion`) REFERENCES `coordinaciones` (`id_coord`),
  ADD CONSTRAINT `departamentos` FOREIGN KEY (`id_departamento`) REFERENCES `departamentos` (`id_dep`),
  ADD CONSTRAINT `divisiones` FOREIGN KEY (`id_division`) REFERENCES `divisiones` (`id_div`),
  ADD CONSTRAINT `ger_gral_op` FOREIGN KEY (`id_ger_gral_op`) REFERENCES `gcia_gral_op` (`id_ger_oper`),
  ADD CONSTRAINT `gerencia_gral` FOREIGN KEY (`id_ger_gral`) REFERENCES `gerencia_gral` (`id_ger_gral`),
  ADD CONSTRAINT `gerencias` FOREIGN KEY (`id_gerencia`) REFERENCES `gerencias` (`id_ger`),
  ADD CONSTRAINT `oficinas` FOREIGN KEY (`id_oficina`) REFERENCES `oficina` (`id_ofi`);
COMMIT;

/*!40101 SET CHARACTER_SET_CLIENT=@OLD_CHARACTER_SET_CLIENT */;
/*!40101 SET CHARACTER_SET_RESULTS=@OLD_CHARACTER_SET_RESULTS */;
/*!40101 SET COLLATION_CONNECTION=@OLD_COLLATION_CONNECTION */;
